{
    "accuracy": 0.9873015873015873,
    "precision": 0.9862660944206009,
    "recall": 0.9862660944206009,
    "f1": 0.9862660944206009,
    "roc_auc": 0.9968724957635843
}