{
    "accuracy": 0.8833333333333333,
    "precision": 0.883419689119171,
    "recall": 0.8654822335025381,
    "f1": 0.8743589743589744,
    "roc_auc": 0.950843368008923
}