{
    "Logistic_Regression": {
        "accuracy": 0.8833333333333333,
        "precision": 0.883419689119171,
        "recall": 0.8654822335025381,
        "f1": 0.8743589743589744,
        "roc_auc": 0.950843368008923
    },
    "KNeighbors_Classifier": {
        "accuracy": 0.9873015873015873,
        "precision": 0.9862660944206009,
        "recall": 0.9862660944206009,
        "f1": 0.9862660944206009,
        "roc_auc": 0.9968724957635843
    },
    "RandomForest_Classifier": {
        "accuracy": 0.998015873015873,
        "precision": 0.9982817869415808,
        "recall": 0.9974248927038627,
        "f1": 0.9978531558608845,
        "roc_auc": 0.9999341177961135
    },
    "SVM_Classifier": {
        "accuracy": 0.5388888888888889,
        "precision": 0.8,
        "recall": 0.0034334763948497852,
        "f1": 0.006837606837606838,
        "roc_auc": 0.9530012828025276
    },
    "Neural_Network": {
        "accuracy": 0.9821428571428571,
        "precision": 0.9753820033955858,
        "recall": 0.9862660944206009,
        "f1": 0.9807938540332908,
        "roc_auc": 0.9985569263417956
    }
}