{
    "accuracy": 0.9821428571428571,
    "precision": 0.9753820033955858,
    "recall": 0.9862660944206009,
    "f1": 0.9807938540332908,
    "roc_auc": 0.9985569263417956
}