{
    "model": "OneClassSVM",
    "anomaly_count": 2526,
    "anomaly_percentage": 10.026992696093998,
    "accuracy": 0.549341060654176,
    "sample_size": 25192
}