{
    "accuracy": 0.998015873015873,
    "precision": 0.9982817869415808,
    "recall": 0.9974248927038627,
    "f1": 0.9978531558608845,
    "roc_auc": 0.9999341177961135
}