{
    "accuracy": 0.5388888888888889,
    "precision": 0.8,
    "recall": 0.0034334763948497852,
    "f1": 0.006837606837606838,
    "roc_auc": 0.9530012828025276
}